
<!--
Automatically created by JspC.
Place this fragment in the web.xml before all icon, display-name,
description, distributable, and context-param elements.
-->

    <servlet>
        <servlet-name>org.apache.jsp.login_jsp</servlet-name>
        <servlet-class>org.apache.jsp.login_jsp</servlet-class>
    </servlet>

    <servlet>
        <servlet-name>org.apache.jsp.xslt.alerts_jsp</servlet-name>
        <servlet-class>org.apache.jsp.xslt.alerts_jsp</servlet-class>
    </servlet>

    <servlet>
        <servlet-name>org.apache.jsp.xslt.eslupdating_002dall_jsp</servlet-name>
        <servlet-class>org.apache.jsp.xslt.eslupdating_002dall_jsp</servlet-class>
    </servlet>

    <servlet>
        <servlet-name>org.apache.jsp.xslt.eslupdating_jsp</servlet-name>
        <servlet-class>org.apache.jsp.xslt.eslupdating_jsp</servlet-class>
    </servlet>

    <servlet>
        <servlet-name>org.apache.jsp.WEB_002dINF.pages.standard.alerts_jsp</servlet-name>
        <servlet-class>org.apache.jsp.WEB_002dINF.pages.standard.alerts_jsp</servlet-class>
    </servlet>

    <servlet>
        <servlet-name>org.apache.jsp.WEB_002dINF.pages.standard.assesl_jsp</servlet-name>
        <servlet-class>org.apache.jsp.WEB_002dINF.pages.standard.assesl_jsp</servlet-class>
    </servlet>

    <servlet>
        <servlet-name>org.apache.jsp.WEB_002dINF.pages.standard.daily_jsp</servlet-name>
        <servlet-class>org.apache.jsp.WEB_002dINF.pages.standard.daily_jsp</servlet-class>
    </servlet>

    <servlet>
        <servlet-name>org.apache.jsp.WEB_002dINF.pages.standard.pdetail_jsp</servlet-name>
        <servlet-class>org.apache.jsp.WEB_002dINF.pages.standard.pdetail_jsp</servlet-class>
    </servlet>

    <servlet>
        <servlet-name>org.apache.jsp.WEB_002dINF.pages.standard.pricer_jsp</servlet-name>
        <servlet-class>org.apache.jsp.WEB_002dINF.pages.standard.pricer_jsp</servlet-class>
    </servlet>

    <servlet>
        <servlet-name>org.apache.jsp.WEB_002dINF.pages.standard.product_jsp</servlet-name>
        <servlet-class>org.apache.jsp.WEB_002dINF.pages.standard.product_jsp</servlet-class>
    </servlet>

    <servlet>
        <servlet-name>org.apache.jsp.WEB_002dINF.pages.standard.remesl_jsp</servlet-name>
        <servlet-class>org.apache.jsp.WEB_002dINF.pages.standard.remesl_jsp</servlet-class>
    </servlet>

    <servlet>
        <servlet-name>org.apache.jsp.WEB_002dINF.pages.standard.sticker_jsp</servlet-name>
        <servlet-class>org.apache.jsp.WEB_002dINF.pages.standard.sticker_jsp</servlet-class>
    </servlet>

    <servlet>
        <servlet-name>org.apache.jsp.WEB_002dINF.pages.menu.standard_jsp</servlet-name>
        <servlet-class>org.apache.jsp.WEB_002dINF.pages.menu.standard_jsp</servlet-class>
    </servlet>

    <servlet>
        <servlet-name>org.apache.jsp.WEB_002dINF.pages.include.calendar_jsp</servlet-name>
        <servlet-class>org.apache.jsp.WEB_002dINF.pages.include.calendar_jsp</servlet-class>
    </servlet>

    <servlet>
        <servlet-name>org.apache.jsp.WEB_002dINF.pages.include.footer_jsp</servlet-name>
        <servlet-class>org.apache.jsp.WEB_002dINF.pages.include.footer_jsp</servlet-class>
    </servlet>

    <servlet>
        <servlet-name>org.apache.jsp.WEB_002dINF.pages.include.header_jsp</servlet-name>
        <servlet-class>org.apache.jsp.WEB_002dINF.pages.include.header_jsp</servlet-class>
    </servlet>

    <servlet>
        <servlet-name>org.apache.jsp.WEB_002dINF.pages.include.json_jsp</servlet-name>
        <servlet-class>org.apache.jsp.WEB_002dINF.pages.include.json_jsp</servlet-class>
    </servlet>

    <servlet>
        <servlet-name>org.apache.jsp.WEB_002dINF.pages.include.messages_jsp</servlet-name>
        <servlet-class>org.apache.jsp.WEB_002dINF.pages.include.messages_jsp</servlet-class>
    </servlet>

    <servlet>
        <servlet-name>org.apache.jsp.WEB_002dINF.pages.errors.sessiontimeout_jsp</servlet-name>
        <servlet-class>org.apache.jsp.WEB_002dINF.pages.errors.sessiontimeout_jsp</servlet-class>
    </servlet>

    <servlet>
        <servlet-name>org.apache.jsp.WEB_002dINF.pages.errors.systemerror_jsp</servlet-name>
        <servlet-class>org.apache.jsp.WEB_002dINF.pages.errors.systemerror_jsp</servlet-class>
    </servlet>

    <servlet-mapping>
        <servlet-name>org.apache.jsp.login_jsp</servlet-name>
        <url-pattern>/login.jsp</url-pattern>
    </servlet-mapping>

    <servlet-mapping>
        <servlet-name>org.apache.jsp.xslt.alerts_jsp</servlet-name>
        <url-pattern>/xslt/alerts.jsp</url-pattern>
    </servlet-mapping>

    <servlet-mapping>
        <servlet-name>org.apache.jsp.xslt.eslupdating_002dall_jsp</servlet-name>
        <url-pattern>/xslt/eslupdating-all.jsp</url-pattern>
    </servlet-mapping>

    <servlet-mapping>
        <servlet-name>org.apache.jsp.xslt.eslupdating_jsp</servlet-name>
        <url-pattern>/xslt/eslupdating.jsp</url-pattern>
    </servlet-mapping>

    <servlet-mapping>
        <servlet-name>org.apache.jsp.WEB_002dINF.pages.standard.alerts_jsp</servlet-name>
        <url-pattern>/WEB-INF/pages/standard/alerts.jsp</url-pattern>
    </servlet-mapping>

    <servlet-mapping>
        <servlet-name>org.apache.jsp.WEB_002dINF.pages.standard.assesl_jsp</servlet-name>
        <url-pattern>/WEB-INF/pages/standard/assesl.jsp</url-pattern>
    </servlet-mapping>

    <servlet-mapping>
        <servlet-name>org.apache.jsp.WEB_002dINF.pages.standard.daily_jsp</servlet-name>
        <url-pattern>/WEB-INF/pages/standard/daily.jsp</url-pattern>
    </servlet-mapping>

    <servlet-mapping>
        <servlet-name>org.apache.jsp.WEB_002dINF.pages.standard.pdetail_jsp</servlet-name>
        <url-pattern>/WEB-INF/pages/standard/pdetail.jsp</url-pattern>
    </servlet-mapping>

    <servlet-mapping>
        <servlet-name>org.apache.jsp.WEB_002dINF.pages.standard.pricer_jsp</servlet-name>
        <url-pattern>/WEB-INF/pages/standard/pricer.jsp</url-pattern>
    </servlet-mapping>

    <servlet-mapping>
        <servlet-name>org.apache.jsp.WEB_002dINF.pages.standard.product_jsp</servlet-name>
        <url-pattern>/WEB-INF/pages/standard/product.jsp</url-pattern>
    </servlet-mapping>

    <servlet-mapping>
        <servlet-name>org.apache.jsp.WEB_002dINF.pages.standard.remesl_jsp</servlet-name>
        <url-pattern>/WEB-INF/pages/standard/remesl.jsp</url-pattern>
    </servlet-mapping>

    <servlet-mapping>
        <servlet-name>org.apache.jsp.WEB_002dINF.pages.standard.sticker_jsp</servlet-name>
        <url-pattern>/WEB-INF/pages/standard/sticker.jsp</url-pattern>
    </servlet-mapping>

    <servlet-mapping>
        <servlet-name>org.apache.jsp.WEB_002dINF.pages.menu.standard_jsp</servlet-name>
        <url-pattern>/WEB-INF/pages/menu/standard.jsp</url-pattern>
    </servlet-mapping>

    <servlet-mapping>
        <servlet-name>org.apache.jsp.WEB_002dINF.pages.include.calendar_jsp</servlet-name>
        <url-pattern>/WEB-INF/pages/include/calendar.jsp</url-pattern>
    </servlet-mapping>

    <servlet-mapping>
        <servlet-name>org.apache.jsp.WEB_002dINF.pages.include.footer_jsp</servlet-name>
        <url-pattern>/WEB-INF/pages/include/footer.jsp</url-pattern>
    </servlet-mapping>

    <servlet-mapping>
        <servlet-name>org.apache.jsp.WEB_002dINF.pages.include.header_jsp</servlet-name>
        <url-pattern>/WEB-INF/pages/include/header.jsp</url-pattern>
    </servlet-mapping>

    <servlet-mapping>
        <servlet-name>org.apache.jsp.WEB_002dINF.pages.include.json_jsp</servlet-name>
        <url-pattern>/WEB-INF/pages/include/json.jsp</url-pattern>
    </servlet-mapping>

    <servlet-mapping>
        <servlet-name>org.apache.jsp.WEB_002dINF.pages.include.messages_jsp</servlet-name>
        <url-pattern>/WEB-INF/pages/include/messages.jsp</url-pattern>
    </servlet-mapping>

    <servlet-mapping>
        <servlet-name>org.apache.jsp.WEB_002dINF.pages.errors.sessiontimeout_jsp</servlet-name>
        <url-pattern>/WEB-INF/pages/errors/sessiontimeout.jsp</url-pattern>
    </servlet-mapping>

    <servlet-mapping>
        <servlet-name>org.apache.jsp.WEB_002dINF.pages.errors.systemerror_jsp</servlet-name>
        <url-pattern>/WEB-INF/pages/errors/systemerror.jsp</url-pattern>
    </servlet-mapping>

<!--
All session-config, mime-mapping, welcome-file-list, error-page, taglib,
resource-ref, security-constraint, login-config, security-role,
env-entry, and ejb-ref elements should follow this fragment.
-->
